code,name,ultimate,element,win,vs_empty,vs_empty_error,vs_punch,vs_punch_error,cast_rate,dodge_rate,damage,win_зеркало,win_танк,win_ловкач
__none__,Без слотов (моб),False,—,55.233333333333334,-1.0083333333333333,1.2387796194968088,0.5833333333333334,1.2196589353679363,0.0,0.0,980.507,52.37500000000001,54.074999999999996,59.25
__empty__,Пустые слоты,False,—,56.24166666666667,0.0,0.0,1.5916666666666666,0.983568068848551,0.0,0.0,983.7220833333333,50.425,60.75000000000001,57.550000000000004
sim_idle,Пустой свиток,False,💨 Воздушный,43.86666666666667,-12.375,1.0712462580076727,-10.783333333333333,1.0268969520777582,90.95833333333333,0.0,945.1398333333333,38.05,48.925000000000004,44.625
sim_punch,Свиток-удар,False,💨 Воздушный,54.65,-1.5916666666666666,0.983568068848551,0.0,0.0,90.95833333333333,12.698121850664224,978.689,48.425000000000004,57.99999999999999,57.525000000000006
scroll_arcane_spark,Искра эфира,False,💨 Воздушный,59.24166666666667,3.0,0.9845495418577235,4.591666666666667,0.37450866960360696,90.95833333333333,12.698121850664224,990.41175,53.300000000000004,62.475,61.95
scroll_crimson_comet,Багровая комета,False,🔥 Огненный,66.16666666666666,9.925,0.989360439813401,11.516666666666667,0.5827466320885161,90.95833333333333,12.698121850664224,1005.78325,60.550000000000004,69.625,68.325
scroll_chain_lightning,Цепная молния,False,💨 Воздушный,59.650000000000006,3.408333333333333,0.9931644510596085,5.0,0.9111979118614459,90.95833333333333,0.0,993.2064166666667,53.27499999999999,63.375,62.3
scroll_frost_seal,Ледяная печать,False,❄️ Морозный,58.825,2.5833333333333335,0.9833010815292519,4.175,0.35789134724760097,90.95833333333333,12.698121850664224,989.15375,53.225,62.375,60.875
scroll_gravity_thread,Нить гравитации,False,🪨 Земля,62.975,6.7333333333333325,1.0710424383953803,8.325000000000001,0.9414165645517049,90.95833333333333,12.698121850664224,998.7039166666667,58.25,67.025,63.65
scroll_twilight_needle,Игла сумрака,False,❄️ Морозный,58.074999999999996,1.8333333333333333,0.9835689843414862,3.4250000000000003,0.3254214613553105,90.95833333333333,12.698121850664224,987.2884166666666,52.05,61.5,60.675000000000004
scroll_royal_barrier,Королевский барьер,False,❄️ Морозный,75.79166666666667,19.55,1.0184040901314444,21.141666666666666,0.9860978161754524,90.95833333333333,0.0,1024.0638333333334,71.175,82.675,73.52499999999999
scroll_healing_rain,Лечебный дождь,False,💧 Водный,78.10000000000001,21.85833333333333,1.0327510072562347,23.45,1.0031953237111424,90.95833333333333,0.0,1027.1835833333334,74.0,84.52499999999999,75.775
scroll_astral_step,Астральный шаг,False,💨 Воздушный,60.04166666666667,3.8,1.1100728538807056,5.391666666666667,1.0940273197761348,90.95833333333333,0.0,991.09125,55.925000000000004,64.35,59.85
scroll_misprint_curse,Проклятие опечатки,False,🌿 Растения,52.675000000000004,-3.5666666666666664,1.0768977933711925,-1.975,1.0515248080534425,90.95833333333333,0.0,971.7644166666666,47.525,56.95,53.55
scroll_dispersal_ray,Луч рассеивания,False,🔥 Огненный,56.35,0.10833333333333332,0.9815350644231086,1.7000000000000002,0.23130486339097805,90.95833333333333,12.698121850664224,983.2239166666667,50.05,59.62499999999999,59.375
scroll_mirror_shard,Осколок зеркала,False,❄️ Морозный,61.20833333333333,4.966666666666667,1.059622957013743,6.558333333333333,1.0070798403343242,90.95833333333333,0.0,994.772,55.15,67.55,60.925
scroll_time_sand,Песок времени,False,🪨 Земля,65.23333333333333,8.991666666666667,1.0730813062047049,10.583333333333334,1.0322258963248332,90.95833333333333,0.0,1001.8565,60.724999999999994,71.89999999999999,63.075
scroll_rune_mark,Руна мишени,False,🪨 Земля,55.34166666666667,-0.8999999999999999,0.9953069434397133,0.6916666666666667,0.9170971974641183,90.95833333333333,0.0,980.4709166666667,48.975,59.9,57.15
scroll_poltergeist_push,Толчок полтергейста,False,💨 Воздушный,58.21666666666667,1.975,0.9830741661499125,3.5666666666666664,0.3318397409186995,90.95833333333333,12.698121850664224,987.9699166666667,52.05,61.425,61.175000000000004
scroll_nmm_glint,Блик NMM,False,💨 Воздушный,59.14166666666667,2.9000000000000004,0.9843744687657722,4.491666666666667,0.37060215256664564,90.95833333333333,12.698121850664224,989.846,53.27499999999999,62.64999999999999,61.5
scroll_enamel_varnish,Лаковый панцирь,False,🪨 Земля,81.175,24.933333333333334,0.9932899970093935,26.525,0.9650498778244007,90.95833333333333,0.0,1032.9115,76.875,87.675,78.975
scroll_ink_wash,Чернильная проливка,False,💧 Водный,54.41666666666667,-1.825,0.9966430195762925,-0.23333333333333336,0.9164436720533529,90.95833333333333,0.0,978.1928333333333,48.025,58.975,56.25
scroll_drybrush,Сухая кисть,False,🔥 Огненный,60.391666666666666,4.15,0.9905112241982221,5.741666666666666,0.4162578251315729,90.95833333333333,12.698121850664224,991.7678333333333,55.275,63.5,62.4
scroll_pigment_fog,Пигментный туман,False,🌿 Растения,62.55833333333334,6.316666666666666,1.029965422356234,7.908333333333334,0.9924778480105999,90.95833333333333,0.0,997.0371666666666,57.574999999999996,66.475,63.625
scroll_masking_tape,Малярная лента,False,🪨 Земля,67.40833333333333,11.166666666666666,1.0479726486926486,12.758333333333333,1.008705693522302,90.95833333333333,0.0,1007.0829166666666,62.0,74.65,65.575
scroll_wet_palette,Влажная палитра,False,💧 Водный,76.64999999999999,20.408333333333335,1.0301053256640602,22.0,1.0041367446690768,90.95833333333333,0.0,1025.0761666666667,72.6,83.175,74.175
scroll_solvent_splash,Растворитель,False,💧 Водный,53.949999999999996,-2.2916666666666665,0.9874580724151307,-0.7000000000000001,0.25378873947159103,90.95833333333333,12.698121850664224,976.3483333333334,48.275,57.175,56.39999999999999
scroll_predator_bite,Хищный укус,False,🌿 Растения,65.44166666666666,9.2,0.9938857573894304,10.791666666666666,0.5551757892810387,90.95833333333333,12.698121850664224,1002.5279166666667,58.9,70.975,66.45
scroll_thorn_cocoon,Шипастый кокон,False,🌿 Растения,70.63333333333334,14.391666666666666,1.0289723430026172,15.983333333333333,0.9899867392475842,90.95833333333333,0.0,1015.5925,66.625,74.47500000000001,70.8
scroll_iron_stance,Железная стойка,False,🪨 Земля,73.825,17.583333333333336,1.027225301778865,19.175,0.9927242377143094,90.95833333333333,0.0,1020.5003333333333,68.925,81.025,71.525
scroll_headlong_rush,Лобовая атака,False,🪨 Земля,62.133333333333326,5.891666666666667,0.987005132276706,7.483333333333333,0.4708050130346356,90.95833333333333,12.698121850664224,997.1861666666666,56.35,65.14999999999999,64.9
scroll_field_bandage,Полевая перевязка,False,🌿 Растения,79.625,23.383333333333333,1.0309679289558467,24.975,1.0035120536607298,90.95833333333333,0.0,1029.4814166666667,75.8,85.6,77.47500000000001
scroll_feint,Финт,False,💨 Воздушный,63.23333333333333,6.991666666666667,1.1011039643301352,8.583333333333334,1.087603928796187,90.95833333333333,0.0,998.4395,59.550000000000004,67.27499999999999,62.875
scroll_grappling_hook,Крюк,False,💨 Воздушный,57.51666666666667,1.275,0.9864242395775493,2.8666666666666667,0.2985769582195316,90.95833333333333,12.698121850664224,985.2581666666666,51.675000000000004,60.575,60.3
ultimate_starfall,Звездопад,True,🔥 Огненный,67.58333333333333,11.341666666666667,0.9831176786232542,12.933333333333334,0.600433256975395,90.95833333333333,12.698121850664224,1008.5078333333333,62.275000000000006,70.89999999999999,69.575
ultimate_dragon_breath,Дыхание дракона,True,🔥 Огненный,73.02499999999999,16.783333333333335,0.9822140715992677,18.375,0.7017604990386288,90.95833333333333,12.698121850664224,1018.2108333333333,67.72500000000001,76.44999999999999,74.9
ultimate_masterpiece,Шедевр,True,🌿 Растения,61.375,5.133333333333334,0.9884951537378188,6.7250000000000005,0.44813856368801314,90.95833333333333,12.698121850664224,994.84075,55.875,64.47500000000001,63.775000000000006
ultimate_time_reversal,Обратный ход,True,💧 Водный,70.44166666666666,14.2,1.0815081073739234,15.791666666666668,1.0448341445580354,90.95833333333333,0.0,1010.8519166666666,66.875,76.1,68.35
ultimate_glass_citadel,Стеклянная цитадель,True,❄️ Морозный,87.01666666666667,30.775000000000002,0.953335566184816,32.36666666666667,0.939579089292141,90.95833333333333,0.0,1042.9295833333333,83.7,92.07499999999999,85.275
ultimate_kraken,Кракен из ведра,True,💧 Водный,64.00833333333334,7.766666666666666,1.068800655241251,9.358333333333334,0.9385885867927266,90.95833333333333,12.698121850664224,1000.7910833333333,59.22500000000001,68.10000000000001,64.7
ultimate_final_gambit,Последняя ставка,True,🔥 Огненный,55.11666666666667,-1.125,1.0107945587770728,0.46666666666666673,0.6516716151207798,90.95833333333333,12.698121850664224,981.23,48.325,55.35,61.675000000000004
ultimate_rainbow_flood,Радужный потоп,True,💧 Водный,74.45,18.208333333333336,0.9899474253629951,19.8,0.7130226467473277,90.95833333333333,12.698121850664224,1019.4370833333334,69.425,79.80000000000001,74.125
ultimate_blackout,Затмение,True,❄️ Морозный,67.48333333333333,11.241666666666667,1.014465869622868,12.833333333333332,0.9795461533943289,90.95833333333333,0.0,1008.4353333333333,62.275000000000006,71.25,68.925
ultimate_golden_frame,Золотая рама,True,🔥 Огненный,76.73333333333333,20.491666666666667,1.013118437555992,22.083333333333332,0.9850360689227733,90.95833333333333,0.0,1025.0266666666666,72.1,83.35000000000001,74.75
